INSERT INTO users VALUES ('4a1d7c85bab64dd6b9791c0493b0f5d2', 'sinosaga', '51c05cbdcc1dc3e78fa981c2f4790e6902fd1c4f', 'saga', 1, 'huang', 'fang', '1981-11-19 00:00:00', NULL, '', '4', '5', '+8', 'zh_CN', '2009-06-14 22:36:01', '2009-07-14 22:36:01');
INSERT INTO user_group_map VALUES ('4a1d7c85bab64dd6b9791c0493b0f5d2', '4');
INSERT INTO addresses VALUES ('1', '4a1d7c85bab64dd6b9791c0493b0f5d2', '310108', '200072', '洛川东路', '1', 'HOME');
INSERT INTO emails VALUES ('sinosaga', 'gmail', '4a1d7c85bab64dd6b9791c0493b0f5d2', '1');

INSERT INTO users VALUES ('c1f11a955b484569b7726b12ea02753b', 'isaga', '51c05cbdcc1dc3e78fa981c2f4790e6902fd1c4f', 'iSaga', 1, 'huang', 'yiyi', '1981-11-19 00:00:00', NULL, '', '4', '5', '+8', 'en_US', '2009-07-14 22:36:01', '2009-08-13 22:36:01');
INSERT INTO user_group_map VALUES ('c1f11a955b484569b7726b12ea02753b', '3');
INSERT INTO addresses VALUES ('2', 'c1f11a955b484569b7726b12ea02753b', '310113', '200236', '人民路', '1','SCHOOL');
INSERT INTO emails VALUES ('isaga', 'live', 'c1f11a955b484569b7726b12ea02753b', '1');

INSERT INTO messages VALUES ('1', '4a1d7c85bab64dd6b9791c0493b0f5d2', 'Hi, buddy!', 'Hi, Budy! You\'re awesome!', 0, '4', '2009-07-14 22:36:01');
INSERT INTO message_recipient_map VALUES ('1', 'c1f11a955b484569b7726b12ea02753b');


INSERT INTO messages VALUES ('2', 'c1f11a955b484569b7726b12ea02753b', 'Hi, buddy!', 'Hi, Budy! You\'re awesome!', 0, '4', '2009-08-13 22:36:01');
INSERT INTO message_recipient_map VALUES ('2', '4a1d7c85bab64dd6b9791c0493b0f5d2');


INSERT INTO categories VALUES ('1', 'category 1', 'category_1_description', '1', '1');
INSERT INTO forums VALUES ('1', 'forum_test_1', 'forum_test_1_description', '1', '2', '100', '1', '140', '1', '2010-09-03 23:27:44');

INSERT INTO topics VALUES ('1', '1', 'topic_test_1', '10', '1', '1', '1', '199', '0', '2010-09-03 23:26:51');
INSERT INTO topics VALUES ('2', '1', 'topic_test_2', '13', '2', '3', '2', '8', '1', '2010-09-03 23:27:09');



INSERT INTO posts VALUES ('1', '4a1d7c85bab64dd6b9791c0493b0f5d2', '1', 'topic_test_1_content', '1', '2', '2010-09-03 23:28:38');
INSERT INTO posts VALUES ('2', 'c1f11a955b484569b7726b12ea02753b', '2', 'topic_test_2_content', '1', '2', '2010-09-03 23:28:38');
INSERT INTO post_edits VALUES ('1', '4a1d7c85bab64dd6b9791c0493b0f5d2', '2011-08-03 23:28:38');
INSERT INTO post_edits VALUES ('2', 'c1f11a955b484569b7726b12ea02753b', '2011-08-03 23:28:38');


INSERT INTO posts VALUES ('3', '4a1d7c85bab64dd6b9791c0493b0f5d2', '1', 'post_test_1', '0', '2', '2010-09-03 23:28:38');
INSERT INTO posts VALUES ('4', '4a1d7c85bab64dd6b9791c0493b0f5d2', '2', 'post_test_2', '0', '2', '2010-09-03 23:46:39');
INSERT INTO posts VALUES ('5', 'c1f11a955b484569b7726b12ea02753b', '1', 'post_test_1', '0', '2', '2010-09-03 23:28:38');
INSERT INTO posts VALUES ('6', 'c1f11a955b484569b7726b12ea02753b', '2', 'post_test_2', '0', '2', '2010-09-03 23:46:39');
INSERT INTO posts VALUES ('7', 'c1f11a955b484569b7726b12ea02753b', '1', 'post_test_1', '0', '2', '2010-09-03 23:28:38');
INSERT INTO posts VALUES ('8', 'c1f11a955b484569b7726b12ea02753b', '2', 'post_test_2', '0', '2', '2010-09-03 23:46:39');
INSERT INTO posts VALUES ('9', '4a1d7c85bab64dd6b9791c0493b0f5d2', '1', 'post_test_1', '0', '2', '2010-09-03 23:28:38');
INSERT INTO posts VALUES ('10', '4a1d7c85bab64dd6b9791c0493b0f5d2', '1', 'post_test_2', '0', '2', '2010-09-03 23:46:39');
INSERT INTO posts VALUES ('11', '4a1d7c85bab64dd6b9791c0493b0f5d2', '1', 'post_test_1', '0', '2', '2010-09-03 23:28:38');
INSERT INTO posts VALUES ('12', '4a1d7c85bab64dd6b9791c0493b0f5d2', '1', 'post_test_2', '0', '2', '2010-09-03 23:46:39');
INSERT INTO posts VALUES ('13', '4a1d7c85bab64dd6b9791c0493b0f5d2', '1', 'post_test_1', '0', '2', '2010-09-03 23:28:38');
INSERT INTO posts VALUES ('14', '4a1d7c85bab64dd6b9791c0493b0f5d2', '1', 'post_test_2', '0', '2', '2010-09-03 23:46:39');
INSERT INTO posts VALUES ('15', '4a1d7c85bab64dd6b9791c0493b0f5d2', '1', 'post_test_1', '0', '2', '2010-09-03 23:28:38');
INSERT INTO posts VALUES ('16', '4a1d7c85bab64dd6b9791c0493b0f5d2', '1', 'post_test_2', '0', '2', '2010-09-03 23:46:39');
INSERT INTO posts VALUES ('17', '4a1d7c85bab64dd6b9791c0493b0f5d2', '1', 'post_test_1', '0', '2', '2010-09-03 23:28:38');
INSERT INTO posts VALUES ('18', '4a1d7c85bab64dd6b9791c0493b0f5d2', '1', 'post_test_2', '0', '2', '2010-09-03 23:46:39');
INSERT INTO posts VALUES ('19', '4a1d7c85bab64dd6b9791c0493b0f5d2', '1', 'post_test_2', '0', '2', '2010-09-03 23:46:39');
INSERT INTO posts VALUES ('20', '4a1d7c85bab64dd6b9791c0493b0f5d2', '1', 'post_test_1', '0', '2', '2010-09-03 23:28:38');
INSERT INTO posts VALUES ('21', '4a1d7c85bab64dd6b9791c0493b0f5d2', '1', 'post_test_2', '0', '2', '2010-09-03 23:46:39');
INSERT INTO posts VALUES ('22', '4a1d7c85bab64dd6b9791c0493b0f5d2', '1', 'post_test_2', '0', '2', '2010-09-03 23:46:39');
INSERT INTO posts VALUES ('23', '4a1d7c85bab64dd6b9791c0493b0f5d2', '1', 'post_test_1', '0', '2', '2010-09-03 23:28:38');
INSERT INTO posts VALUES ('24', '4a1d7c85bab64dd6b9791c0493b0f5d2', '1', 'post_test_2', '0', '2', '2010-09-03 23:46:39');
INSERT INTO posts VALUES ('25', '4a1d7c85bab64dd6b9791c0493b0f5d2', '1', 'post_test_1', '0', '2', '2010-09-03 23:28:38');
INSERT INTO posts VALUES ('26', '4a1d7c85bab64dd6b9791c0493b0f5d2', '1', 'post_test_2', '0', '2', '2010-09-03 23:46:39');
INSERT INTO posts VALUES ('27', '4a1d7c85bab64dd6b9791c0493b0f5d2', '1', 'post_test_1', '0', '2', '2010-09-03 23:28:38');
INSERT INTO posts VALUES ('28', '4a1d7c85bab64dd6b9791c0493b0f5d2', '1', 'post_test_1', '0', '2', '2010-09-03 23:28:38');
INSERT INTO posts VALUES ('29', '4a1d7c85bab64dd6b9791c0493b0f5d2', '1', 'post_test_2', '0', '2', '2010-09-03 23:46:39');
INSERT INTO posts VALUES ('30', '4a1d7c85bab64dd6b9791c0493b0f5d2', '1', 'post_test_1', '0', '2', '2010-09-03 23:28:38');
INSERT INTO posts VALUES ('31', '4a1d7c85bab64dd6b9791c0493b0f5d2', '1', 'post_test_2', '0', '2', '2010-09-03 23:46:39');
INSERT INTO posts VALUES ('32', '4a1d7c85bab64dd6b9791c0493b0f5d2', '1', 'post_test_2', '0', '2', '2010-09-03 23:46:39');
INSERT INTO posts VALUES ('33', '4a1d7c85bab64dd6b9791c0493b0f5d2', '1', 'post_test_1', '0', '2', '2010-09-03 23:28:38');
INSERT INTO posts VALUES ('34', '4a1d7c85bab64dd6b9791c0493b0f5d2', '1', 'post_test_2', '0', '2', '2010-09-03 23:46:39');
INSERT INTO posts VALUES ('35', '4a1d7c85bab64dd6b9791c0493b0f5d2', '1', 'post_test_1', '0', '2', '2010-09-03 23:28:38');
INSERT INTO posts VALUES ('36', '4a1d7c85bab64dd6b9791c0493b0f5d2', '1', 'post_test_2', '0', '2', '2010-09-03 23:46:39');
INSERT INTO posts VALUES ('37', '4a1d7c85bab64dd6b9791c0493b0f5d2', '1', 'post_test_1', '0', '2', '2010-09-03 23:28:38');
INSERT INTO posts VALUES ('38', '4a1d7c85bab64dd6b9791c0493b0f5d2', '1', 'post_test_1', '0', '2', '2010-09-03 23:28:38');
INSERT INTO posts VALUES ('39', '4a1d7c85bab64dd6b9791c0493b0f5d2', '1', 'post_test_2', '0', '2', '2010-09-03 23:46:39');
INSERT INTO posts VALUES ('40', '4a1d7c85bab64dd6b9791c0493b0f5d2', '1', 'post_test_1', '0', '2', '2010-09-03 23:28:38');
INSERT INTO posts VALUES ('41', '4a1d7c85bab64dd6b9791c0493b0f5d2', '1', 'post_test_2', '0', '2', '2010-09-03 23:46:39');
INSERT INTO posts VALUES ('42', '4a1d7c85bab64dd6b9791c0493b0f5d2', '1', 'post_test_2', '0', '2', '2010-09-03 23:46:39');
INSERT INTO posts VALUES ('43', '4a1d7c85bab64dd6b9791c0493b0f5d2', '1', 'post_test_1', '0', '2', '2010-09-03 23:28:38');
INSERT INTO posts VALUES ('44', '4a1d7c85bab64dd6b9791c0493b0f5d2', '1', 'post_test_2', '0', '2', '2010-09-03 23:46:39');
INSERT INTO posts VALUES ('45', '4a1d7c85bab64dd6b9791c0493b0f5d2', '1', 'post_test_1', '0', '2', '2010-09-03 23:28:38');
INSERT INTO posts VALUES ('46', '4a1d7c85bab64dd6b9791c0493b0f5d2', '1', 'post_test_2', '0', '2', '2010-09-03 23:46:39');
INSERT INTO posts VALUES ('47', '4a1d7c85bab64dd6b9791c0493b0f5d2', '1', 'post_test_1', '0', '2', '2010-09-03 23:28:38');
INSERT INTO posts VALUES ('48', '4a1d7c85bab64dd6b9791c0493b0f5d2', '1', 'post_test_1', '0', '2', '2010-09-03 23:28:38');
INSERT INTO posts VALUES ('49', '4a1d7c85bab64dd6b9791c0493b0f5d2', '1', 'post_test_2', '0', '2', '2010-09-03 23:46:39');
INSERT INTO posts VALUES ('50', '4a1d7c85bab64dd6b9791c0493b0f5d2', '1', 'post_test_1', '0', '2', '2010-09-03 23:28:38');
INSERT INTO posts VALUES ('51', '4a1d7c85bab64dd6b9791c0493b0f5d2', '1', 'post_test_2', '0', '2', '2010-09-03 23:46:39');
INSERT INTO posts VALUES ('52', '4a1d7c85bab64dd6b9791c0493b0f5d2', '1', 'post_test_2', '0', '2', '2010-09-03 23:46:39');
INSERT INTO posts VALUES ('53', '4a1d7c85bab64dd6b9791c0493b0f5d2', '1', 'post_test_1', '0', '2', '2010-09-03 23:28:38');
INSERT INTO posts VALUES ('54', '4a1d7c85bab64dd6b9791c0493b0f5d2', '1', 'post_test_2', '0', '2', '2010-09-03 23:46:39');
INSERT INTO posts VALUES ('55', '4a1d7c85bab64dd6b9791c0493b0f5d2', '1', 'post_test_1', '0', '2', '2010-09-03 23:28:38');
INSERT INTO posts VALUES ('56', '4a1d7c85bab64dd6b9791c0493b0f5d2', '1', 'post_test_2', '0', '2', '2010-09-03 23:46:39');
INSERT INTO posts VALUES ('57', '4a1d7c85bab64dd6b9791c0493b0f5d2', '1', 'post_test_1', '0', '2', '2010-09-03 23:28:38');
INSERT INTO posts VALUES ('58', '4a1d7c85bab64dd6b9791c0493b0f5d2', '1', 'post_test_1', '0', '2', '2010-09-03 23:28:38');
INSERT INTO posts VALUES ('59', '4a1d7c85bab64dd6b9791c0493b0f5d2', '1', 'post_test_2', '0', '2', '2010-09-03 23:46:39');
INSERT INTO posts VALUES ('60', '4a1d7c85bab64dd6b9791c0493b0f5d2', '1', 'post_test_1', '0', '2', '2010-09-03 23:28:38');
INSERT INTO posts VALUES ('61', '4a1d7c85bab64dd6b9791c0493b0f5d2', '1', 'post_test_2', '0', '2', '2010-09-03 23:46:39');
INSERT INTO posts VALUES ('62', '4a1d7c85bab64dd6b9791c0493b0f5d2', '1', 'post_test_2', '0', '2', '2010-09-03 23:46:39');
INSERT INTO posts VALUES ('63', '4a1d7c85bab64dd6b9791c0493b0f5d2', '1', 'post_test_1', '0', '2', '2010-09-03 23:28:38');
INSERT INTO posts VALUES ('64', '4a1d7c85bab64dd6b9791c0493b0f5d2', '1', 'post_test_2', '0', '2', '2010-09-03 23:46:39');
INSERT INTO posts VALUES ('65', '4a1d7c85bab64dd6b9791c0493b0f5d2', '1', 'post_test_1', '0', '2', '2010-09-03 23:28:38');
INSERT INTO posts VALUES ('66', '4a1d7c85bab64dd6b9791c0493b0f5d2', '1', 'post_test_2', '0', '2', '2010-09-03 23:46:39');
INSERT INTO posts VALUES ('67', '4a1d7c85bab64dd6b9791c0493b0f5d2', '1', 'post_test_1', '0', '2', '2010-09-03 23:28:38');
INSERT INTO posts VALUES ('68', '4a1d7c85bab64dd6b9791c0493b0f5d2', '1', 'post_test_1', '0', '2', '2010-09-03 23:28:38');
INSERT INTO posts VALUES ('69', '4a1d7c85bab64dd6b9791c0493b0f5d2', '1', 'post_test_2', '0', '2', '2010-09-03 23:46:39');
INSERT INTO posts VALUES ('70', '4a1d7c85bab64dd6b9791c0493b0f5d2', '1', 'post_test_1', '0', '2', '2010-09-03 23:28:38');
INSERT INTO posts VALUES ('71', '4a1d7c85bab64dd6b9791c0493b0f5d2', '1', 'post_test_2', '0', '2', '2010-09-03 23:46:39');
INSERT INTO posts VALUES ('72', '4a1d7c85bab64dd6b9791c0493b0f5d2', '1', 'post_test_2', '0', '2', '2010-09-03 23:46:39');
INSERT INTO posts VALUES ('73', '4a1d7c85bab64dd6b9791c0493b0f5d2', '1', 'post_test_1', '0', '2', '2010-09-03 23:28:38');
INSERT INTO posts VALUES ('74', '4a1d7c85bab64dd6b9791c0493b0f5d2', '1', 'post_test_2', '0', '2', '2010-09-03 23:46:39');
INSERT INTO posts VALUES ('75', '4a1d7c85bab64dd6b9791c0493b0f5d2', '1', 'post_test_1', '0', '2', '2010-09-03 23:28:38');
INSERT INTO posts VALUES ('76', '4a1d7c85bab64dd6b9791c0493b0f5d2', '1', 'post_test_2', '0', '2', '2010-09-03 23:46:39');
INSERT INTO posts VALUES ('77', '4a1d7c85bab64dd6b9791c0493b0f5d2', '1', 'post_test_1', '0', '2', '2010-09-03 23:28:38');
INSERT INTO posts VALUES ('78', '4a1d7c85bab64dd6b9791c0493b0f5d2', '1', 'post_test_1', '0', '2', '2010-09-03 23:28:38');
INSERT INTO posts VALUES ('79', '4a1d7c85bab64dd6b9791c0493b0f5d2', '1', 'post_test_2', '0', '2', '2010-09-03 23:46:39');
INSERT INTO posts VALUES ('80', '4a1d7c85bab64dd6b9791c0493b0f5d2', '1', 'post_test_1', '0', '2', '2010-09-03 23:28:38');
INSERT INTO posts VALUES ('81', '4a1d7c85bab64dd6b9791c0493b0f5d2', '1', 'post_test_2', '0', '2', '2010-09-03 23:46:39');
INSERT INTO posts VALUES ('82', '4a1d7c85bab64dd6b9791c0493b0f5d2', '1', 'post_test_2', '0', '2', '2010-09-03 23:46:39');
INSERT INTO posts VALUES ('83', '4a1d7c85bab64dd6b9791c0493b0f5d2', '1', 'post_test_1', '0', '2', '2010-09-03 23:28:38');
INSERT INTO posts VALUES ('84', '4a1d7c85bab64dd6b9791c0493b0f5d2', '1', 'post_test_2', '0', '2', '2010-09-03 23:46:39');
INSERT INTO posts VALUES ('85', '4a1d7c85bab64dd6b9791c0493b0f5d2', '1', 'post_test_1', '0', '2', '2010-09-03 23:28:38');
INSERT INTO posts VALUES ('86', '4a1d7c85bab64dd6b9791c0493b0f5d2', '1', 'post_test_2', '0', '2', '2010-09-03 23:46:39');
INSERT INTO posts VALUES ('87', '4a1d7c85bab64dd6b9791c0493b0f5d2', '1', 'post_test_1', '0', '2', '2010-09-03 23:28:38');
INSERT INTO posts VALUES ('88', '4a1d7c85bab64dd6b9791c0493b0f5d2', '1', 'post_test_1', '0', '2', '2010-09-03 23:28:38');
INSERT INTO posts VALUES ('89', '4a1d7c85bab64dd6b9791c0493b0f5d2', '1', 'post_test_2', '0', '2', '2010-09-03 23:46:39');
INSERT INTO posts VALUES ('90', '4a1d7c85bab64dd6b9791c0493b0f5d2', '1', 'post_test_1', '0', '2', '2010-09-03 23:28:38');
INSERT INTO posts VALUES ('91', '4a1d7c85bab64dd6b9791c0493b0f5d2', '1', 'post_test_2', '0', '2', '2010-09-03 23:46:39');
INSERT INTO posts VALUES ('92', '4a1d7c85bab64dd6b9791c0493b0f5d2', '1', 'post_test_2', '0', '2', '2010-09-03 23:46:39');
INSERT INTO posts VALUES ('93', '4a1d7c85bab64dd6b9791c0493b0f5d2', '1', 'post_test_1', '0', '2', '2010-09-03 23:28:38');
INSERT INTO posts VALUES ('94', '4a1d7c85bab64dd6b9791c0493b0f5d2', '1', 'post_test_2', '0', '2', '2010-09-03 23:46:39');
INSERT INTO posts VALUES ('95', '4a1d7c85bab64dd6b9791c0493b0f5d2', '1', 'post_test_1', '0', '2', '2010-09-03 23:28:38');
INSERT INTO posts VALUES ('96', '4a1d7c85bab64dd6b9791c0493b0f5d2', '1', 'post_test_2', '0', '2', '2010-09-03 23:46:39');
INSERT INTO posts VALUES ('97', '4a1d7c85bab64dd6b9791c0493b0f5d2', '1', 'post_test_1', '0', '2', '2010-09-03 23:28:38');
INSERT INTO posts VALUES ('98', '4a1d7c85bab64dd6b9791c0493b0f5d2', '1', 'post_test_1', '0', '2', '2010-09-03 23:28:38');
INSERT INTO posts VALUES ('99', '4a1d7c85bab64dd6b9791c0493b0f5d2', '1', 'post_test_2', '0', '2', '2010-09-03 23:46:39');
INSERT INTO posts VALUES ('100', '4a1d7c85bab64dd6b9791c0493b0f5d2', '1', 'post_test_2', '0', '2', '2010-09-03 23:46:39');
INSERT INTO posts VALUES ('101', '4a1d7c85bab64dd6b9791c0493b0f5d2', '1', 'post_test_2', '0', '2', '2010-09-03 23:46:39');
INSERT INTO posts VALUES ('102', '4a1d7c85bab64dd6b9791c0493b0f5d2', '1', 'post_test_2', '0', '2', '2010-09-03 23:46:39');
INSERT INTO posts VALUES ('103', '4a1d7c85bab64dd6b9791c0493b0f5d2', '1', 'post_test_2', '0', '2', '2010-09-03 23:46:39');
INSERT INTO posts VALUES ('104', '4a1d7c85bab64dd6b9791c0493b0f5d2', '1', 'post_test_2', '0', '2', '2010-09-03 23:46:39');
INSERT INTO posts VALUES ('105', '4a1d7c85bab64dd6b9791c0493b0f5d2', '1', 'post_test_2', '0', '2', '2010-09-03 23:46:39');
INSERT INTO posts VALUES ('106', '4a1d7c85bab64dd6b9791c0493b0f5d2', '1', 'post_test_2', '0', '2', '2010-09-03 23:46:39');
INSERT INTO posts VALUES ('107', '4a1d7c85bab64dd6b9791c0493b0f5d2', '1', 'post_test_2', '0', '2', '2010-09-03 23:46:39');
INSERT INTO posts VALUES ('108', '4a1d7c85bab64dd6b9791c0493b0f5d2', '1', 'post_test_2', '0', '2', '2010-09-03 23:46:39');
INSERT INTO posts VALUES ('109', '4a1d7c85bab64dd6b9791c0493b0f5d2', '1', 'post_test_2', '0', '2', '2010-09-03 23:46:39');
INSERT INTO posts VALUES ('110', '4a1d7c85bab64dd6b9791c0493b0f5d2', '1', 'post_test_2', '0', '2', '2010-09-03 23:46:39');
INSERT INTO posts VALUES ('111', '4a1d7c85bab64dd6b9791c0493b0f5d2', '1', 'post_test_1', '0', '2', '2010-09-03 23:28:38');
INSERT INTO posts VALUES ('112', '4a1d7c85bab64dd6b9791c0493b0f5d2', '1', 'post_test_2', '0', '2', '2010-09-03 23:46:39');
INSERT INTO posts VALUES ('113', '4a1d7c85bab64dd6b9791c0493b0f5d2', '1', 'post_test_1', '0', '2', '2010-09-03 23:28:38');
INSERT INTO posts VALUES ('114', '4a1d7c85bab64dd6b9791c0493b0f5d2', '1', 'post_test_2', '0', '2', '2010-09-03 23:46:39');
INSERT INTO posts VALUES ('115', '4a1d7c85bab64dd6b9791c0493b0f5d2', '1', 'post_test_1', '0', '2', '2010-09-03 23:28:38');
INSERT INTO posts VALUES ('116', '4a1d7c85bab64dd6b9791c0493b0f5d2', '1', 'post_test_2', '0', '2', '2010-09-03 23:46:39');
INSERT INTO posts VALUES ('117', '4a1d7c85bab64dd6b9791c0493b0f5d2', '1', 'post_test_1', '0', '2', '2010-09-03 23:28:38');
INSERT INTO posts VALUES ('118', '4a1d7c85bab64dd6b9791c0493b0f5d2', '1', 'post_test_2', '0', '2', '2010-09-03 23:46:39');
INSERT INTO posts VALUES ('119', '4a1d7c85bab64dd6b9791c0493b0f5d2', '1', 'post_test_2', '0', '2', '2010-09-03 23:46:39');
INSERT INTO posts VALUES ('120', '4a1d7c85bab64dd6b9791c0493b0f5d2', '1', 'post_test_1', '0', '2', '2010-09-03 23:28:38');
INSERT INTO posts VALUES ('121', '4a1d7c85bab64dd6b9791c0493b0f5d2', '1', 'post_test_2', '0', '2', '2010-09-03 23:46:39');
INSERT INTO posts VALUES ('122', '4a1d7c85bab64dd6b9791c0493b0f5d2', '1', 'post_test_2', '0', '2', '2010-09-03 23:46:39');
INSERT INTO posts VALUES ('123', '4a1d7c85bab64dd6b9791c0493b0f5d2', '1', 'post_test_1', '0', '2', '2010-09-03 23:28:38');
INSERT INTO posts VALUES ('124', '4a1d7c85bab64dd6b9791c0493b0f5d2', '1', 'post_test_2', '0', '2', '2010-09-03 23:46:39');
INSERT INTO posts VALUES ('125', '4a1d7c85bab64dd6b9791c0493b0f5d2', '1', 'post_test_1', '0', '2', '2010-09-03 23:28:38');
INSERT INTO posts VALUES ('126', '4a1d7c85bab64dd6b9791c0493b0f5d2', '1', 'post_test_2', '0', '2', '2010-09-03 23:46:39');
INSERT INTO posts VALUES ('127', '4a1d7c85bab64dd6b9791c0493b0f5d2', '1', 'post_test_1', '0', '2', '2010-09-03 23:28:38');
INSERT INTO posts VALUES ('128', '4a1d7c85bab64dd6b9791c0493b0f5d2', '1', 'post_test_1', '0', '2', '2010-09-03 23:28:38');
INSERT INTO posts VALUES ('129', '4a1d7c85bab64dd6b9791c0493b0f5d2', '1', 'post_test_2', '0', '2', '2010-09-03 23:46:39');
INSERT INTO posts VALUES ('130', '4a1d7c85bab64dd6b9791c0493b0f5d2', '1', 'post_test_1', '0', '2', '2010-09-03 23:28:38');
INSERT INTO posts VALUES ('131', '4a1d7c85bab64dd6b9791c0493b0f5d2', '1', 'post_test_2', '0', '2', '2010-09-03 23:46:39');
INSERT INTO posts VALUES ('132', '4a1d7c85bab64dd6b9791c0493b0f5d2', '1', 'post_test_2', '0', '2', '2010-09-03 23:46:39');
INSERT INTO posts VALUES ('133', '4a1d7c85bab64dd6b9791c0493b0f5d2', '1', 'post_test_1', '0', '2', '2010-09-03 23:28:38');
INSERT INTO posts VALUES ('134', '4a1d7c85bab64dd6b9791c0493b0f5d2', '1', 'post_test_2', '0', '2', '2010-09-03 23:46:39');
INSERT INTO posts VALUES ('135', '4a1d7c85bab64dd6b9791c0493b0f5d2', '1', 'post_test_1', '0', '2', '2010-09-03 23:28:38');
INSERT INTO posts VALUES ('136', '4a1d7c85bab64dd6b9791c0493b0f5d2', '1', 'post_test_2', '0', '2', '2010-09-03 23:46:39');
INSERT INTO posts VALUES ('137', '4a1d7c85bab64dd6b9791c0493b0f5d2', '1', 'post_test_1', '0', '2', '2010-09-03 23:28:38');
INSERT INTO posts VALUES ('138', '4a1d7c85bab64dd6b9791c0493b0f5d2', '1', 'post_test_1', '0', '2', '2010-09-03 23:28:38');
INSERT INTO posts VALUES ('139', '4a1d7c85bab64dd6b9791c0493b0f5d2', '1', 'post_test_2', '0', '2', '2010-09-03 23:46:39');
INSERT INTO posts VALUES ('140', '4a1d7c85bab64dd6b9791c0493b0f5d2', '1', 'post_test_1', '0', '2', '2010-09-03 23:28:38');
INSERT INTO posts VALUES ('141', '4a1d7c85bab64dd6b9791c0493b0f5d2', '1', 'post_test_2', '0', '2', '2010-09-03 23:46:39');
INSERT INTO posts VALUES ('142', '4a1d7c85bab64dd6b9791c0493b0f5d2', '1', 'post_test_2', '0', '2', '2010-09-03 23:46:39');
INSERT INTO posts VALUES ('143', '4a1d7c85bab64dd6b9791c0493b0f5d2', '1', 'post_test_1', '0', '2', '2010-09-03 23:28:38');
INSERT INTO posts VALUES ('144', '4a1d7c85bab64dd6b9791c0493b0f5d2', '1', 'post_test_2', '0', '2', '2010-09-03 23:46:39');
INSERT INTO posts VALUES ('145', '4a1d7c85bab64dd6b9791c0493b0f5d2', '1', 'post_test_1', '0', '2', '2010-09-03 23:28:38');
INSERT INTO posts VALUES ('146', '4a1d7c85bab64dd6b9791c0493b0f5d2', '1', 'post_test_2', '0', '2', '2010-09-03 23:46:39');
INSERT INTO posts VALUES ('147', '4a1d7c85bab64dd6b9791c0493b0f5d2', '1', 'post_test_1', '0', '2', '2010-09-03 23:28:38');
INSERT INTO posts VALUES ('148', '4a1d7c85bab64dd6b9791c0493b0f5d2', '1', 'post_test_1', '0', '2', '2010-09-03 23:28:38');
INSERT INTO posts VALUES ('149', '4a1d7c85bab64dd6b9791c0493b0f5d2', '1', 'post_test_2', '0', '2', '2010-09-03 23:46:39');
INSERT INTO posts VALUES ('150', '4a1d7c85bab64dd6b9791c0493b0f5d2', '1', 'post_test_1', '0', '2', '2010-09-03 23:28:38');
INSERT INTO posts VALUES ('151', '4a1d7c85bab64dd6b9791c0493b0f5d2', '1', 'post_test_2', '0', '2', '2010-09-03 23:46:39');
INSERT INTO posts VALUES ('152', '4a1d7c85bab64dd6b9791c0493b0f5d2', '1', 'post_test_2', '0', '2', '2010-09-03 23:46:39');
INSERT INTO posts VALUES ('153', '4a1d7c85bab64dd6b9791c0493b0f5d2', '1', 'post_test_1', '0', '2', '2010-09-03 23:28:38');
INSERT INTO posts VALUES ('154', '4a1d7c85bab64dd6b9791c0493b0f5d2', '1', 'post_test_2', '0', '2', '2010-09-03 23:46:39');
INSERT INTO posts VALUES ('155', '4a1d7c85bab64dd6b9791c0493b0f5d2', '1', 'post_test_1', '0', '2', '2010-09-03 23:28:38');
INSERT INTO posts VALUES ('156', '4a1d7c85bab64dd6b9791c0493b0f5d2', '1', 'post_test_2', '0', '2', '2010-09-03 23:46:39');
INSERT INTO posts VALUES ('157', '4a1d7c85bab64dd6b9791c0493b0f5d2', '1', 'post_test_1', '0', '2', '2010-09-03 23:28:38');
INSERT INTO posts VALUES ('158', '4a1d7c85bab64dd6b9791c0493b0f5d2', '1', 'post_test_1', '0', '2', '2010-09-03 23:28:38');
INSERT INTO posts VALUES ('159', '4a1d7c85bab64dd6b9791c0493b0f5d2', '1', 'post_test_2', '0', '2', '2010-09-03 23:46:39');
INSERT INTO posts VALUES ('160', '4a1d7c85bab64dd6b9791c0493b0f5d2', '1', 'post_test_1', '0', '2', '2010-09-03 23:28:38');
INSERT INTO posts VALUES ('161', '4a1d7c85bab64dd6b9791c0493b0f5d2', '1', 'post_test_2', '0', '2', '2010-09-03 23:46:39');
INSERT INTO posts VALUES ('162', '4a1d7c85bab64dd6b9791c0493b0f5d2', '1', 'post_test_2', '0', '2', '2010-09-03 23:46:39');
INSERT INTO posts VALUES ('163', '4a1d7c85bab64dd6b9791c0493b0f5d2', '1', 'post_test_1', '0', '2', '2010-09-03 23:28:38');
INSERT INTO posts VALUES ('164', '4a1d7c85bab64dd6b9791c0493b0f5d2', '1', 'post_test_2', '0', '2', '2010-09-03 23:46:39');
INSERT INTO posts VALUES ('165', '4a1d7c85bab64dd6b9791c0493b0f5d2', '1', 'post_test_1', '0', '2', '2010-09-03 23:28:38');
INSERT INTO posts VALUES ('166', '4a1d7c85bab64dd6b9791c0493b0f5d2', '1', 'post_test_2', '0', '2', '2010-09-03 23:46:39');
INSERT INTO posts VALUES ('167', '4a1d7c85bab64dd6b9791c0493b0f5d2', '1', 'post_test_1', '0', '2', '2010-09-03 23:28:38');
INSERT INTO posts VALUES ('168', '4a1d7c85bab64dd6b9791c0493b0f5d2', '1', 'post_test_1', '0', '2', '2010-09-03 23:28:38');
INSERT INTO posts VALUES ('169', '4a1d7c85bab64dd6b9791c0493b0f5d2', '1', 'post_test_2', '0', '2', '2010-09-03 23:46:39');
INSERT INTO posts VALUES ('170', '4a1d7c85bab64dd6b9791c0493b0f5d2', '1', 'post_test_1', '0', '2', '2010-09-03 23:28:38');
INSERT INTO posts VALUES ('171', '4a1d7c85bab64dd6b9791c0493b0f5d2', '1', 'post_test_2', '0', '2', '2010-09-03 23:46:39');
INSERT INTO posts VALUES ('172', '4a1d7c85bab64dd6b9791c0493b0f5d2', '1', 'post_test_2', '0', '2', '2010-09-03 23:46:39');
INSERT INTO posts VALUES ('173', '4a1d7c85bab64dd6b9791c0493b0f5d2', '1', 'post_test_1', '0', '2', '2010-09-03 23:28:38');
INSERT INTO posts VALUES ('174', '4a1d7c85bab64dd6b9791c0493b0f5d2', '1', 'post_test_2', '0', '2', '2010-09-03 23:46:39');
INSERT INTO posts VALUES ('175', '4a1d7c85bab64dd6b9791c0493b0f5d2', '1', 'post_test_1', '0', '2', '2010-09-03 23:28:38');
INSERT INTO posts VALUES ('176', '4a1d7c85bab64dd6b9791c0493b0f5d2', '1', 'post_test_2', '0', '2', '2010-09-03 23:46:39');
INSERT INTO posts VALUES ('177', '4a1d7c85bab64dd6b9791c0493b0f5d2', '1', 'post_test_1', '0', '2', '2010-09-03 23:28:38');
INSERT INTO posts VALUES ('178', '4a1d7c85bab64dd6b9791c0493b0f5d2', '1', 'post_test_1', '0', '2', '2010-09-03 23:28:38');
INSERT INTO posts VALUES ('179', '4a1d7c85bab64dd6b9791c0493b0f5d2', '1', 'post_test_2', '0', '2', '2010-09-03 23:46:39');
INSERT INTO posts VALUES ('180', '4a1d7c85bab64dd6b9791c0493b0f5d2', '1', 'post_test_1', '0', '2', '2010-09-03 23:28:38');
INSERT INTO posts VALUES ('181', '4a1d7c85bab64dd6b9791c0493b0f5d2', '1', 'post_test_2', '0', '2', '2010-09-03 23:46:39');
INSERT INTO posts VALUES ('182', '4a1d7c85bab64dd6b9791c0493b0f5d2', '1', 'post_test_2', '0', '2', '2010-09-03 23:46:39');
INSERT INTO posts VALUES ('183', '4a1d7c85bab64dd6b9791c0493b0f5d2', '1', 'post_test_1', '0', '2', '2010-09-03 23:28:38');
INSERT INTO posts VALUES ('184', '4a1d7c85bab64dd6b9791c0493b0f5d2', '1', 'post_test_2', '0', '2', '2010-09-03 23:46:39');
INSERT INTO posts VALUES ('185', '4a1d7c85bab64dd6b9791c0493b0f5d2', '1', 'post_test_1', '0', '2', '2010-09-03 23:28:38');
INSERT INTO posts VALUES ('186', '4a1d7c85bab64dd6b9791c0493b0f5d2', '1', 'post_test_2', '0', '2', '2010-09-03 23:46:39');
INSERT INTO posts VALUES ('187', '4a1d7c85bab64dd6b9791c0493b0f5d2', '1', 'post_test_1', '0', '2', '2010-09-03 23:28:38');
INSERT INTO posts VALUES ('188', '4a1d7c85bab64dd6b9791c0493b0f5d2', '1', 'post_test_1', '0', '2', '2010-09-03 23:28:38');
INSERT INTO posts VALUES ('189', '4a1d7c85bab64dd6b9791c0493b0f5d2', '1', 'post_test_2', '0', '2', '2010-09-03 23:46:39');
INSERT INTO posts VALUES ('190', '4a1d7c85bab64dd6b9791c0493b0f5d2', '1', 'post_test_1', '0', '2', '2010-09-03 23:28:38');
INSERT INTO posts VALUES ('191', '4a1d7c85bab64dd6b9791c0493b0f5d2', '1', 'post_test_2', '0', '2', '2010-09-03 23:46:39');
INSERT INTO posts VALUES ('192', '4a1d7c85bab64dd6b9791c0493b0f5d2', '1', 'post_test_2', '0', '2', '2010-09-03 23:46:39');
INSERT INTO posts VALUES ('193', '4a1d7c85bab64dd6b9791c0493b0f5d2', '1', 'post_test_1', '0', '2', '2010-09-03 23:28:38');
INSERT INTO posts VALUES ('194', '4a1d7c85bab64dd6b9791c0493b0f5d2', '1', 'post_test_2', '0', '2', '2010-09-03 23:46:39');
INSERT INTO posts VALUES ('195', '4a1d7c85bab64dd6b9791c0493b0f5d2', '1', 'post_test_1', '0', '2', '2010-09-03 23:28:38');
INSERT INTO posts VALUES ('196', '4a1d7c85bab64dd6b9791c0493b0f5d2', '1', 'post_test_2', '0', '2', '2010-09-03 23:46:39');
INSERT INTO posts VALUES ('197', '4a1d7c85bab64dd6b9791c0493b0f5d2', '1', 'post_test_1', '0', '2', '2010-09-03 23:28:38');
INSERT INTO posts VALUES ('198', '4a1d7c85bab64dd6b9791c0493b0f5d2', '1', 'post_test_1', '0', '2', '2010-09-03 23:28:38');
INSERT INTO posts VALUES ('199', '4a1d7c85bab64dd6b9791c0493b0f5d2', '1', 'post_test_2', '0', '2', '2010-09-03 23:46:39');

